2299600.0,-0.33500000834465027,-0.24161656200885773,0.01655273512005806,0.4801095724105835,0.036534227430820465,0.031814493238925934,0.03459017351269722,0.0
2303200.0,-0.33500000834465027,-0.26261138916015625,0.01265869103372097,0.4799838364124298,0.031814493238925934,0.03459017351269722,0.04683210700750351,0.0
2306800.0,-0.33500000834465027,-0.26630699634552,0.00870666466653347,0.47999390959739685,0.03459017351269722,0.04683210700750351,0.04822966828942299,0.0
2310400.0,-0.33500000834465027,-0.2687165141105652,0.0047760009765625,0.47999513149261475,0.04683210700750351,0.04822966828942299,0.04110155254602432,0.0
2314000.0,-0.33500000834465027,-0.270879864692688,0.0008972167852334678,0.4799957275390625,0.04822966828942299,0.04110155254602432,0.03364821523427963,0.0
2317600.0,-0.33500000834465027,-0.2728483974933624,-0.0029205321334302425,0.4799960255622864,0.04110155254602432,0.03364821523427963,0.0029865328688174486,0.0
2321200.0,-0.33500000834465027,-0.2746434807777405,-0.0066741942428052425,0.47999632358551025,0.03364821523427963,0.0029865328688174486,0.0039485846646130085,0.0
2324800.0,-0.33500000834465027,-0.27628326416015625,-0.010357665829360485,0.4799966514110565,0.0029865328688174486,0.0039485846646130085,0.02495516650378704,0.0
2328400.0,-0.33500000834465027,-0.2777840495109558,-0.01389465294778347,0.4799969494342804,0.0039485846646130085,0.02495516650378704,0.03278080374002457,0.1596064269542694
2332000.0,-0.33500000834465027,-0.2791594862937927,-0.004742431454360485,0.4799972474575043,0.02495516650378704,0.03278080374002457,0.030645810067653656,0.3765372633934021
2335600.0,-0.23499999940395355,-0.2674812078475952,0.01553955115377903,0.48016631603240967,0.03278080374002457,0.030645810067653656,0.023601604625582695,0.45170435309410095
2339200.0,-0.03500000014901161,-0.31633609533309937,0.03894348070025444,0.48024290800094604,0.030645810067653656,0.023601604625582695,0.03746150806546211,0.4736573100090027
2342800.0,0.06499999761581421,-0.3312564194202423,0.05743103101849556,0.48011016845703125,0.023601604625582695,0.03746150806546211,0.028919856995344162,0.4662435054779053
2346400.0,0.06499999761581421,-0.3071908950805664,0.0700836181640625,0.48000550270080566,0.03746150806546211,0.028919856995344162,0.029175249859690666,0.468082457780838
2350000.0,0.06499999761581421,-0.3015082776546478,0.08595886081457138,0.480002760887146,0.028919856995344162,0.029175249859690666,0.0412355437874794,0.47162574529647827
2353600.0,0.06499999761581421,-0.29871079325675964,0.10299988090991974,0.4800006151199341,0.029175249859690666,0.0412355437874794,0.05666670575737953,0.4386153817176819
2357200.0,0.06499999761581421,-0.2973453104496002,0.11886291205883026,0.4799993932247162,0.0412355437874794,0.05666670575737953,0.05546766147017479,0.3498932421207428
2360800.0,0.06499999761581421,-0.29667922854423523,0.12830200791358948,0.47999876737594604,0.05666670575737953,0.05546766147017479,0.04129132255911827,0.14218084514141083
2364400.0,0.06499999761581421,-0.2963503301143646,0.12678222358226776,0.47999846935272217,0.05546766147017479,0.04129132255911827,0.029279572889208794,0.0
2368000.0,0.06499999761581421,-0.296182245016098,0.11986694484949112,0.47999846935272217,0.04129132255911827,0.029279572889208794,0.033150117844343185,0.0
2371600.0,0.06499999761581421,-0.2960897982120514,0.10527344048023224,0.47999846935272217,0.029279572889208794,0.033150117844343185,0.03785138949751854,0.0
2375200.0,0.06499999761581421,-0.2960314154624939,0.09017638862133026,0.4799981713294983,0.033150117844343185,0.03785138949751854,0.04142704978585243,0.0
2378800.0,0.06499999761581421,-0.29598724842071533,0.07509765774011612,0.4799981713294983,0.03785138949751854,0.04142704978585243,0.04691454768180847,0.0
2382400.0,0.06499999761581421,-0.2959478795528412,0.06023559719324112,0.47999846935272217,0.04142704978585243,0.04691454768180847,0.05171632021665573,0.0
2386000.0,0.06499999761581421,-0.2959093451499939,0.04565124586224556,0.4799981713294983,0.04691454768180847,0.05171632021665573,0.05054013058543205,0.0
2389600.0,0.06499999761581421,-0.2958694398403168,0.03137817233800888,0.4799981713294983,0.05171632021665573,0.05054013058543205,0.04603007435798645,0.0
2393200.0,0.06499999761581421,-0.2958281934261322,0.01743164099752903,0.4799981713294983,0.05054013058543205,0.04603007435798645,0.041546642780303955,0.0
2396800.0,0.06499999761581421,-0.29578572511672974,0.0038269043434411287,0.4799978733062744,0.04603007435798645,0.041546642780303955,0.03959330543875694,0.0
2400400.0,0.06499999761581421,-0.29574257135391235,-0.009448242373764515,0.4799978733062744,0.041546642780303955,0.03959330543875694,0.03834393993020058,0.0
2404000.0,-0.13500000536441803,-0.2559639513492584,-0.02231445349752903,0.4796939194202423,0.03959330543875694,0.03834393993020058,0.037626881152391434,0.0
2407600.0,-0.33500000834465027,-0.2964248061180115,-0.02802734449505806,0.47967225313186646,0.03834393993020058,0.037626881152391434,0.05828125774860382,0.0
2411200.0,-0.33500000834465027,-0.2802303433418274,-0.03182373195886612,0.47998228669166565,0.037626881152391434,0.05828125774860382,0.06737539172172546,0.0
2414800.0,-0.33500000834465027,-0.28112074732780457,-0.03590698167681694,0.4799972474575043,0.05828125774860382,0.06737539172172546,0.05185702443122864,0.13399790227413177
2418400.0,-0.33500000834465027,-0.28236448764801025,-0.02793273888528347,0.4799981713294983,0.06737539172172546,0.05185702443122864,0.044832948595285416,0.3403913974761963
2422000.0,-0.23499999940395355,-0.2800961434841156,-0.009640502743422985,0.48017823696136475,0.05185702443122864,0.044832948595285416,0.03531840443611145,0.4161456525325775
2425600.0,-0.03500000014901161,-0.345444917678833,0.01399841345846653,0.480233758687973,0.044832948595285416,0.03531840443611145,0.03466822952032089,0.44483447074890137
2429200.0,0.06499999761581421,-0.3556179106235504,0.02602233923971653,0.4801129102706909,0.03531840443611145,0.03466822952032089,0.03292064368724823,0.4741029143333435
2432800.0,0.06499999761581421,-0.3190833032131195,0.04131774976849556,0.4800146520137787,0.03466822952032089,0.03292064368724823,0.02907712198793888,0.46081268787384033
2436400.0,0.06499999761581421,-0.30735838413238525,0.05799255520105362,0.4800073206424713,0.03292064368724823,0.02907712198793888,0.03884898126125336,0.45298102498054504
2440000.0,0.06499999761581421,-0.30136269330978394,0.06986694037914276,0.48000243306159973,0.02907712198793888,0.03884898126125336,0.04581275209784508,0.4335471987724304
2443600.0,0.06499999761581421,-0.2983960509300232,0.0854034423828125,0.47999998927116394,0.03884898126125336,0.04581275209784508,0.042425014078617096,0.34669122099876404
2447200.0,0.06499999761581421,-0.2969386577606201,0.09746704250574112,0.47999876737594604,0.04581275209784508,0.042425014078617096,0.029270468279719353,0.14433296024799347
2450800.0,0.06499999761581421,-0.2962237000465393,0.09910888969898224,0.4799981713294983,0.042425014078617096,0.029270468279719353,0.031043721362948418,0.0
2454400.0,0.06499999761581421,-0.2958719730377197,0.09441528469324112,0.4799978733062744,0.029270468279719353,0.031043721362948418,0.032966382801532745,0.0
2458000.0,0.06499999761581421,-0.2956978678703308,0.08091430366039276,0.4799978733062744,0.031043721362948418,0.032966382801532745,0.039709459990262985,0.0
2461600.0,0.06499999761581421,-0.2956106960773468,0.06654052436351776,0.47999754548072815,0.032966382801532745,0.039709459990262985,0.03607039898633957,0.0
2465200.0,0.06499999761581421,-0.295566201210022,0.05205383151769638,0.47999754548072815,0.039709459990262985,0.03607039898633957,0.03956938162446022,0.0
2468800.0,0.06499999761581421,-0.2955430746078491,0.03768310695886612,0.47999754548072815,0.03607039898633957,0.03956938162446022,0.038719214498996735,0.0
2472400.0,0.06499999761581421,-0.29553085565567017,0.02353820763528347,0.47999754548072815,0.03956938162446022,0.038719214498996735,0.03240581601858139,0.0
2476000.0,0.06499999761581421,-0.2955244481563568,0.00966796837747097,0.47999754548072815,0.038719214498996735,0.03240581601858139,0.013983714394271374,0.0
2479600.0,0.06499999761581421,-0.29552125930786133,-0.0039001465775072575,0.47999754548072815,0.03240581601858139,0.013983714394271374,0.02103257179260254,0.0
2483200.0,-0.13500000536441803,-0.2521447241306305,-0.01744995079934597,0.47968047857284546,0.013983714394271374,0.02103257179260254,0.036501720547676086,0.0
2486800.0,-0.13500000536441803,-0.2677914500236511,-0.02628784254193306,0.4799853563308716,0.02103257179260254,0.036501720547676086,0.04242651164531708,0.0
2490400.0,-0.13500000536441803,-0.27558770775794983,-0.03459472581744194,0.4799911379814148,0.036501720547676086,0.04242651164531708,0.01960543729364872,0.0
2494000.0,-0.33500000834465027,-0.2956935465335846,-0.03989868238568306,0.479645699262619,0.04242651164531708,0.01960543729364872,-0.000285740417893976,0.0
2497600.0,-0.33500000834465027,-0.28131234645843506,-0.04341735690832138,0.47998106479644775,0.01960543729364872,-0.000285740417893976,-0.0018394563812762499,0.0
2501200.0,-0.33500000834465027,-0.2826198935508728,-0.04664916917681694,0.4799978733062744,-0.000285740417893976,-0.0018394563812762499,0.0009608487598598003,0.0
2504800.0,-0.33500000834465027,-0.2840162515640259,-0.0492095947265625,0.47999846935272217,-0.0018394563812762499,0.0009608487598598003,0.018440784886479378,0.16672196984291077
2508400.0,-0.33500000834465027,-0.28528064489364624,-0.03851623460650444,0.47999876737594604,0.0009608487598598003,0.018440784886479378,0.0026753260754048824,0.3843923807144165
2512000.0,-0.23499999940395355,-0.28998398780822754,-0.0218963623046875,0.4801834225654602,0.018440784886479378,0.0026753260754048824,0.016163626685738564,0.27727773785591125
2515600.0,-0.23499999940395355,-0.28570452332496643,-0.008145141415297985,0.47999846935272217,0.0026753260754048824,0.016163626685738564,0.022136226296424866,0.29303890466690063
2519200.0,-0.23499999940395355,-0.2871119976043701,0.008190917782485485,0.4799978733062744,0.016163626685738564,0.022136226296424866,0.02086932770907879,0.463808536529541
2522800.0,-0.03500000014901161,-0.3745318055152893,0.02389221265912056,0.48021942377090454,0.022136226296424866,0.02086932770907879,0.011194481514394283,0.4537593722343445
2526400.0,0.06499999761581421,-0.3824771046638489,0.0429534912109375,0.48011383414268494,0.02086932770907879,0.011194481514394283,0.0411209911108017,0.4106666147708893
2530000.0,0.06499999761581421,-0.3345029354095459,0.05486144870519638,0.4800262451171875,0.011194481514394283,0.0411209911108017,0.040168799459934235,0.33374232053756714
2533600.0,0.06499999761581421,-0.31560009717941284,0.06426086276769638,0.48001372814178467,0.0411209911108017,0.040168799459934235,0.04475112631917,0.14645813405513763
2537200.0,0.06499999761581421,-0.30564332008361816,0.06546325981616974,0.4800060987472534,0.040168799459934235,0.04475112631917,0.0575961098074913,0.0
2540800.0,0.06499999761581421,-0.30064481496810913,0.06093750149011612,0.480001837015152,0.04475112631917,0.0575961098074913,0.05815532058477402,0.0
2544400.0,0.06499999761581421,-0.2981812357902527,0.04784851148724556,0.47999998927116394,0.0575961098074913,0.05815532058477402,0.050454407930374146,0.0
2548000.0,0.06499999761581421,-0.2969829738140106,0.03391723707318306,0.4799990952014923,0.05815532058477402,0.050454407930374146,0.05674487352371216,0.0
2551600.0,0.06499999761581421,-0.2964090406894684,0.01987915113568306,0.47999846935272217,0.050454407930374146,0.05674487352371216,0.04623620584607124,0.0
2555200.0,0.06499999761581421,-0.2961407005786896,0.005953979678452015,0.47999846935272217,0.05674487352371216,0.04623620584607124,0.03670714050531387,0.0
2558800.0,0.06499999761581421,-0.2960209548473358,-0.0077606202103197575,0.4799981713294983,0.04623620584607124,0.03670714050531387,0.03728393465280533,0.0
2562400.0,-0.13500000536441803,-0.2522379457950592,-0.0215301513671875,0.47967955470085144,0.03670714050531387,0.03728393465280533,0.03663494810461998,0.0
2566000.0,-0.33500000834465027,-0.29498785734176636,-0.02780761756002903,0.479674369096756,0.03728393465280533,0.03663494810461998,0.029770705848932266,0.0
2569600.0,-0.33500000834465027,-0.27867311239242554,-0.03215331956744194,0.4799819886684418,0.03663494810461998,0.029770705848932266,0.014889871701598167,0.0
2573200.0,-0.33500000834465027,-0.28016847372055054,-0.03610534593462944,0.47999754548072815,0.029770705848932266,0.014889871701598167,0.014909109100699425,0.0
2576800.0,-0.33500000834465027,-0.28196990489959717,-0.03984374925494194,0.47999846935272217,0.014889871701598167,0.014909109100699425,0.019005881622433662,0.0
2580400.0,-0.33500000834465027,-0.2836034893989563,-0.04344787448644638,0.47999876737594604,0.014909109100699425,0.019005881622433662,0.011997843161225319,0.0
2584000.0,-0.33500000834465027,-0.28508368134498596,-0.04694519191980362,0.47999876737594604,0.019005881622433662,0.011997843161225319,0.010459206067025661,0.0
2587600.0,-0.33500000834465027,-0.2864292860031128,-0.0498504638671875,0.4799990952014923,0.011997843161225319,0.010459206067025661,0.012469268403947353,0.1626550257205963
2591200.0,-0.33500000834465027,-0.28765586018562317,-0.03922729566693306,0.4799993932247162,0.010459206067025661,0.012469268403947353,0.023556193336844444,0.3806479573249817
2594800.0,-0.23499999940395355,-0.29339393973350525,-0.01969299279153347,0.48018065094947815,0.012469268403947353,0.023556193336844444,0.02313525415956974,0.38031983375549316
2598400.0,-0.03500000014901161,-0.3693004250526428,-0.0019622803665697575,0.4802209436893463,0.023556193336844444,0.02313525415956974,0.010965843684971333,0.39166247844696045
2602000.0,0.06499999761581421,-0.37636473774909973,0.010220336727797985,0.4801144301891327,0.02313525415956974,0.010965843684971333,0.03069346770644188,0.45973947644233704
2605600.0,0.06499999761581421,-0.33061131834983826,0.0242462158203125,0.48002350330352783,0.010965843684971333,0.03069346770644188,0.03792949393391609,0.46753719449043274
2609200.0,0.06499999761581421,-0.31343093514442444,0.03666076809167862,0.4800122082233429,0.03069346770644188,0.03792949393391609,0.04263913631439209,0.4603275656700134
2612800.0,0.06499999761581421,-0.30453750491142273,0.05155334621667862,0.4800051748752594,0.03792949393391609,0.04263913631439209,0.04435699060559273,0.4332464337348938
2616400.0,0.06499999761581421,-0.30014070868492126,0.06739196926355362,0.4800015389919281,0.04263913631439209,0.04435699060559273,0.03630076348781586,0.35860684514045715
2620000.0,0.06499999761581421,-0.2980079650878906,0.07833556830883026,0.47999998927116394,0.04435699060559273,0.03630076348781586,0.030611297115683556,0.1485547125339508
2623600.0,0.06499999761581421,-0.29699087142944336,0.08136902004480362,0.4799990952014923,0.03630076348781586,0.030611297115683556,0.02429596148431301,0.0
2627200.0,0.06499999761581421,-0.29651686549186707,0.07795409858226776,0.47999876737594604,0.030611297115683556,0.02429596148431301,0.018045790493488312,0.0
2630800.0,0.06499999761581421,-0.2963051497936249,0.06508179008960724,0.47999876737594604,0.02429596148431301,0.018045790493488312,0.03266021981835365,0.0
2634400.0,0.06499999761581421,-0.2962186634540558,0.050537109375,0.47999876737594604,0.018045790493488312,0.03266021981835365,0.020023275166749954,0.0
2638000.0,0.06499999761581421,-0.29619091749191284,0.03582763671875,0.47999876737594604,0.03266021981835365,0.020023275166749954,0.016321655362844467,0.0
2641600.0,0.06499999761581421,-0.29618996381759644,0.02122192457318306,0.47999876737594604,0.020023275166749954,0.016321655362844467,0.013088990934193134,0.0
2645200.0,0.06499999761581421,-0.2962004244327545,0.006838989444077015,0.47999876737594604,0.016321655362844467,0.013088990934193134,0.02113042213022709,0.0
2648800.0,0.06499999761581421,-0.2962150275707245,-0.00726318359375,0.47999876737594604,0.013088990934193134,0.02113042213022709,0.035185880959033966,0.0
2652400.0,-0.13500000536441803,-0.2541045844554901,-0.02162780798971653,0.47968506813049316,0.02113042213022709,0.035185880959033966,0.04349552094936371,0.0
2656000.0,-0.13500000536441803,-0.2700764238834381,-0.03101501427590847,0.47998717427253723,0.035185880959033966,0.04349552094936371,0.04731146618723869,0.0
2659600.0,-0.33500000834465027,-0.296676367521286,-0.03710021823644638,0.4796621799468994,0.04349552094936371,0.04731146618723869,0.04369644448161125,0.0
2663200.0,-0.33500000834465027,-0.2822863459587097,-0.04136962816119194,0.4799826145172119,0.04731146618723869,0.04369644448161125,0.038898032158613205,0.0
2666800.0,-0.33500000834465027,-0.2839300036430359,-0.04530029371380806,0.47999846935272217,0.04369644448161125,0.038898032158613205,0.039183467626571655,0.0
2670400.0,-0.33500000834465027,-0.28565657138824463,-0.05063171312212944,0.4799990952014923,0.038898032158613205,0.039183467626571655,0.031504951417446136,0.023710528388619423
2674000.0,-0.33500000834465027,-0.2871994078159332,-0.05059814453125,0.4799993932247162,0.039183467626571655,0.031504951417446136,0.03806188330054283,0.19726918637752533
2677600.0,-0.33500000834465027,-0.2885860800743103,-0.03798522800207138,0.47999969124794006,0.031504951417446136,0.03806188330054283,0.03879305347800255,0.3919336795806885
2681200.0,-0.23499999940395355,-0.2935405969619751,-0.015045166015625,0.4801779091358185,0.03806188330054283,0.03879305347800255,0.04572783410549164,0.45416808128356934
2684800.0,-0.03500000014901161,-0.36606600880622864,0.0026397705078125,0.48022279143333435,0.03879305347800255,0.04572783410549164,0.04553930461406708,0.47893983125686646
2688400.0,0.06499999761581421,-0.37169620394706726,0.02094726637005806,0.48011475801467896,0.04572783410549164,0.04553930461406708,0.03856336325407028,0.48803821206092834
2692000.0,0.06499999761581421,-0.3275604248046875,0.03396911546587944,0.4800213575363159,0.04553930461406708,0.03856336325407028,0.0315573625266552,0.4661404490470886
2695600.0,0.06499999761581421,-0.31163930892944336,0.04685363918542862,0.480010986328125,0.03856336325407028,0.0315573625266552,0.041603460907936096,0.29425525665283203
2699200.0,0.06499999761581421,-0.30355924367904663,0.05751953274011612,0.48000457882881165,0.0315573625266552,0.041603460907936096,0.039128854870796204,0.2838286757469177
2702800.0,0.06499999761581421,-0.2996354401111603,0.0655517578125,0.48000121116638184,0.041603460907936096,0.039128854870796204,0.029290566220879555,0.3614436686038971
2706400.0,0.06499999761581421,-0.29776880145072937,0.07252807915210724,0.47999969124794006,0.039128854870796204,0.029290566220879555,0.036158476024866104,0.15062125027179718
2710000.0,0.06499999761581421,-0.2969004511833191,0.073760986328125,0.4799990952014923,0.029290566220879555,0.036158476024866104,0.042448196560144424,0.0
2713600.0,0.06499999761581421,-0.2965109050273895,0.06867065280675888,0.47999876737594604,0.036158476024866104,0.042448196560144424,0.03416673094034195,0.0
2717200.0,0.06499999761581421,-0.2963488698005676,0.05569763109087944,0.47999876737594604,0.042448196560144424,0.03416673094034195,0.033413589000701904,0.0
2720800.0,0.06499999761581421,-0.29629331827163696,0.04107666015625,0.47999876737594604,0.03416673094034195,0.033413589000701904,0.027417542412877083,0.0
2724400.0,0.06499999761581421,-0.2962864339351654,0.02634887769818306,0.47999876737594604,0.033413589000701904,0.027417542412877083,0.024517785757780075,0.0
2728000,
2731600.0,0.06499999761581421,-0.29632341861724854,-0.0025909424293786287,0.47999876737594604,0.024517785757780075,0.0320136733353138,0.035091400146484375,0.0
2735200.0,-0.13500000536441803,-0.25679811835289,-0.01709899865090847,0.47969359159469604,0.0320136733353138,0.035091400146484375,0.036853011697530746,0.0
2738800.0,-0.13500000536441803,-0.27216389775276184,-0.02669067308306694,0.4799883961677551,0.035091400146484375,0.036853011697530746,0.014485016465187073,0.0
2742400.0,-0.33500000834465027,-0.2981260120868683,-0.03298645094037056,0.47967529296875,0.036853011697530746,0.014485016465187073,0.009898911230266094,0.0
2746000.0,-0.33500000834465027,-0.28437283635139465,-0.03746337816119194,0.47998350858688354,0.014485016465187073,0.009898911230266094,0.008901353925466537,0.0
2749600.0,-0.33500000834465027,-0.2860533595085144,-0.04159850999712944,0.47999876737594604,0.009898911230266094,0.008901353925466537,0.019637342542409897,0.0
2753200.0,-0.33500000834465027,-0.28775858879089355,-0.04553527757525444,0.47999969124794006,0.008901353925466537,0.019637342542409897,0.02615835703909397,0.0
2756800.0,-0.33500000834465027,-0.2892681658267975,-0.05099182203412056,0.47999969124794006,0.019637342542409897,0.02615835703909397,0.03780656307935715,0.005836193915456533
2760400.0,-0.33500000834465027,-0.29061394929885864,-0.05406799167394638,0.47999998927116394,0.02615835703909397,0.03780656307935715,0.04311568662524223,0.1383167803287506
2764000.0,-0.33500000834465027,-0.2918177545070648,-0.04912109300494194,0.47999998927116394,0.03780656307935715,0.04311568662524223,0.04253237321972847,0.19991835951805115
2767600.0,-0.33500000834465027,-0.2928972840309143,-0.03761596605181694,0.4800003170967102,0.04311568662524223,0.04253237321972847,0.04116010293364525,0.2971707284450531
2771200.0,-0.23499999940395355,-0.29863056540489197,-0.02040405198931694,0.480171799659729,0.04253237321972847,0.04116010293364525,0.019896434620022774,0.45052874088287354
2774800.0,-0.03500000014901161,-0.3678976893424988,-0.0020172118674963713,0.4802212417125702,0.04116010293364525,0.019896434620022774,0.007332060020416975,0.4646347463130951
2778400.0,0.06499999761581421,-0.37002643942832947,0.01242980919778347,0.4801168739795685,0.019896434620022774,0.007332060020416975,0.013992293737828732,0.4824255704879761
2782000.0,0.06499999761581421,-0.3260318636894226,0.02774658240377903,0.480020135641098,0.007332060020416975,0.013992293737828732,0.008312285877764225,0.420529305934906
2785600.0,0.06499999761581421,-0.3104952871799469,0.03882751613855362,0.480010062456131,0.013992293737828732,0.008312285877764225,0.02019341289997101,0.3831460177898407
2789200.0,0.06499999761581421,-0.3028225600719452,0.04894714429974556,0.4800039529800415,0.008312285877764225,0.02019341289997101,0.03873034939169884,0.3538598120212555
2792800.0,0.06499999761581421,-0.2991906702518463,0.0449981689453125,0.48000091314315796,0.02019341289997101,0.03873034939169884,0.0448630228638649,0.15265648066997528
2796400.0,0.06499999761581421,-0.29751238226890564,0.03429565578699112,0.47999969124794006,0.03873034939169884,0.0448630228638649,0.04354293644428253,0.0
2800000.0,0.06499999761581421,-0.29676052927970886,0.02316589280962944,0.4799990952014923,0.0448630228638649,0.04354293644428253,0.03665897995233536,0.0
2803600.0,0.06499999761581421,-0.2964429259300232,0.00903930701315403,0.47999876737594604,0.04354293644428253,0.03665897995233536,0.048000287264585495,0.0
2807200.0,0.06499999761581421,-0.2963264286518097,-0.0051422119140625,0.47999876737594604,0.03665897995233536,0.048000287264585495,0.044661905616521835,0.0
2810800.0,-0.13500000536441803,-0.2616574168205261,-0.01903991773724556,0.47970977425575256,0.048000287264585495,0.044661905616521835,0.0444808192551136,0.0
2814400.0,-0.13500000536441803,-0.2751765847206116,-0.02865905687212944,0.47998902201652527,0.044661905616521835,0.0444808192551136,0.04803662747144699,0.0
2818000.0,-0.33500000834465027,-0.30043843388557434,-0.03505554050207138,0.47968199849128723,0.0444808192551136,0.04803662747144699,0.049926213920116425,0.0
2821600.0,-0.33500000834465027,-0.2874411344528198,-0.0396575927734375,0.4799853563308716,0.04803662747144699,0.049926213920116425,0.04721871390938759,0.0
2825200.0,-0.33500000834465027,-0.2889508903026581,-0.04393921047449112,0.4799993932247162,0.049926213920116425,0.04721871390938759,0.05782276391983032,0.0
2828800.0,-0.33500000834465027,-0.29043564200401306,-0.04802856594324112,0.47999998927116394,0.04721871390938759,0.05782276391983032,0.05148838087916374,0.0
2832400.0,-0.33500000834465027,-0.2917405664920807,-0.05198974534869194,0.47999998927116394,0.05782276391983032,0.05148838087916374,0.05240768566727638,0.0
2836000.0,-0.33500000834465027,-0.2928970456123352,-0.05584716796875,0.4800003170967102,0.05148838087916374,0.05240768566727638,0.04243706166744232,0.0
2839600.0,-0.33500000834465027,-0.29392534494400024,-0.0596160888671875,0.4800003170967102,0.05240768566727638,0.04243706166744232,0.014568866230547428,0.0
2843200.0,-0.33500000834465027,-0.29484134912490845,-0.06330566108226776,0.4800003170967102,0.04243706166744232,0.014568866230547428,0.020156102254986763,0.0
2846800.0,-0.33500000834465027,-0.29565849900245667,-0.06779174506664276,0.4800006151199341,0.014568866230547428,0.020156102254986763,0.018148405477404594,0.0571650005877018
2850400.0,-0.33500000834465027,-0.29638805985450745,-0.06587524712085724,0.4800006151199341,0.020156102254986763,0.018148405477404594,0.0107696782797575,0.21245287358760834
2854000.0,-0.33500000834465027,-0.2970396876335144,-0.05310668796300888,0.4800006151199341,0.018148405477404594,0.0107696782797575,0.008781886659562588,0.37719467282295227
2857600.0,-0.23499999940395355,-0.3012792468070984,-0.03272705152630806,0.48016417026519775,0.0107696782797575,0.008781886659562588,0.013766270130872726,0.462639182806015
2861200.0,-0.03500000014901161,-0.36236876249313354,-0.01389160193502903,0.4802233874797821,0.008781886659562588,0.013766270130872726,0.0038245900068432093,0.4758850336074829
2864800.0,0.06499999761581421,-0.3606451153755188,0.0003997802850790322,0.4801174998283386,0.013766270130872726,0.0038245900068432093,-0.00014575068780686706,0.357038676738739
2868400.0,0.06499999761581421,-0.3206038177013397,0.0106048583984375,0.48001617193222046,0.0038245900068432093,-0.00014575068780686706,0.03664719685912132,0.3184051215648651
2872000.0,0.06499999761581421,-0.30736270546913147,0.02060241624712944,0.4800076186656952,-0.00014575068780686706,0.03664719685912132,0.0317147821187973,0.40886354446411133
2875600.0,0.06499999761581421,-0.3011072874069214,0.02933044359087944,0.48000243306159973,0.03664719685912132,0.0317147821187973,0.0363837331533432,0.3670036792755127
2879200.0,0.06499999761581421,-0.2982513904571533,0.03986205905675888,0.47999998927116394,0.0317147821187973,0.0363837331533432,0.03368082642555237,0.15465927124023438
2882800.0,0.06499999761581421,-0.2969836890697479,0.04247436672449112,0.4799990952014923,0.0363837331533432,0.03368082642555237,0.04238336533308029,0.0
2886400.0,0.06499999761581421,-0.29644522070884705,0.0377960205078125,0.47999876737594604,0.03368082642555237,0.04238336533308029,0.045710887759923935,0.0
2890000.0,0.06499999761581421,-0.2962377667427063,0.02522582933306694,0.47999846935272217,0.04238336533308029,0.045710887759923935,0.03648839145898819,0.0
2893600.0,0.06499999761581421,-0.29617807269096375,0.0109405517578125,0.47999846935272217,0.045710887759923935,0.03648839145898819,0.023528045043349266,0.0
2897200.0,0.06499999761581421,-0.2961824834346771,-0.0034729004837572575,0.47999876737594604,0.03648839145898819,0.023528045043349266,0.007643640507012606,0.0
2900800.0,-0.13500000536441803,-0.26720288395881653,-0.01756897009909153,0.47972533106803894,0.023528045043349266,0.007643640507012606,0.012869863770902157,0.0
2904400.0,-0.33500000834465027,-0.3025231957435608,-0.02469787560403347,0.47969329357147217,0.007643640507012606,0.012869863770902157,0.0181148461997509,0.0
2908000.0,-0.33500000834465027,-0.28948259353637695,-0.029937744140625,0.47998565435409546,0.012869863770902157,0.0181148461997509,0.032124802470207214,0.0
2911600.0,-0.33500000834465027,-0.29079633951187134,-0.03479614108800888,0.4799993932247162,0.0181148461997509,0.032124802470207214,0.02995128184556961,0.0
2915200.0,-0.33500000834465027,-0.29214009642601013,-0.03942565992474556,0.47999998927116394,0.032124802470207214,0.02995128184556961,0.03298546001315117,0.0
2918800.0,-0.33500000834465027,-0.2933092415332794,-0.0438995361328125,0.4800003170967102,0.02995128184556961,0.03298546001315117,0.03876252472400665,0.0
2922400.0,-0.33500000834465027,-0.29433369636535645,-0.04824524000287056,0.4800003170967102,0.03298546001315117,0.03876252472400665,0.03772567957639694,0.0
2926000.0,-0.33500000834465027,-0.29523423314094543,-0.05248107761144638,0.4800003170967102,0.03876252472400665,0.03772567957639694,0.03706652671098709,0.0
2929600.0,-0.33500000834465027,-0.29602745175361633,-0.05813293531537056,0.4800006151199341,0.03772567957639694,0.03706652671098709,0.03865143656730652,0.028629163280129433
2933200.0,-0.33500000834465027,-0.29672709107398987,-0.05823974683880806,0.4800006151199341,0.03706652671098709,0.03865143656730652,0.04070687294006348,0.20471321046352386
2936800.0,-0.33500000834465027,-0.29734453558921814,-0.04563293606042862,0.4800006151199341,0.03865143656730652,0.04070687294006348,0.051135726273059845,0.39567893743515015
2940400.0,-0.23499999940395355,-0.29676553606987,-0.02213745191693306,0.48015716671943665,0.04070687294006348,0.051135726273059845,0.04379181191325188,0.4562177360057831
2944000.0,-0.03500000014901161,-0.34592172503471375,-0.006497192196547985,0.48022857308387756,0.051135726273059845,0.04379181191325188,0.034058284014463425,0.48047682642936707
2947600.0,0.06499999761581421,-0.3439066410064697,0.0137481689453125,0.4801153540611267,0.04379181191325188,0.034058284014463425,0.04494442790746689,0.4894680678844452
2951200.0,0.06499999761581421,-0.3125047981739044,0.02384338341653347,0.480010062456131,0.034058284014463425,0.04494442790746689,0.05383901298046112,0.4883657991886139
2954800.0,0.06499999761581421,-0.30321627855300903,0.03992919996380806,0.4800039529800415,0.04494442790746689,0.05383901298046112,0.05498845502734184,0.47659996151924133
2958400.0,0.06499999761581421,-0.29906103014945984,0.05634155124425888,0.4800006151199341,0.05383901298046112,0.05498845502734184,0.05137589946389198,0.44694316387176514
2962000.0,0.06499999761581421,-0.29723307490348816,0.06929626315832138,0.4799990952014923,0.05498845502734184,0.05137589946389198,0.03444613888859749,0.3697236180305481
2965600.0,0.06499999761581421,-0.2964596152305603,0.08200683444738388,0.47999876737594604,0.05137589946389198,0.03444613888859749,0.03334558755159378,0.15662868320941925
2969200.0,0.06499999761581421,-0.29615679383277893,0.08569030463695526,0.47999846935272217,0.03444613888859749,0.03334558755159378,0.032836683094501495,0.0
2972800.0,0.06499999761581421,-0.29606133699417114,0.082244873046875,0.47999846935272217,0.03334558755159378,0.032836683094501495,0.029168248176574707,0.0
2976400.0,0.06499999761581421,-0.2960551381111145,0.07027282565832138,0.47999846935272217,0.032836683094501495,0.029168248176574707,0.03365771099925041,0.0
2980000.0,0.06499999761581421,-0.296085923910141,0.05504150316119194,0.47999846935272217,0.029168248176574707,0.03365771099925041,0.0329166017472744,0.0
2983600.0,0.06499999761581421,-0.2961299419403076,0.03954773023724556,0.47999846935272217,0.03365771099925041,0.0329166017472744,0.039489589631557465,0.0
2987200.0,0.06499999761581421,-0.2961772084236145,0.02414855919778347,0.47999876737594604,0.0329166017472744,0.039489589631557465,0.03404215723276138,0.0
2990800.0,0.06499999761581421,-0.29622340202331543,0.00899353064596653,0.47999876737594604,0.039489589631557465,0.03404215723276138,0.024971021339297295,0.0
2994400.0,0.06499999761581421,-0.2962668538093567,-0.0058532715775072575,0.47999876737594604,0.03404215723276138,0.024971021339297295,0.026849666610360146,0.0
2998000.0,-0.13500000536441803,-0.27089881896972656,-0.01998290978372097,0.47973451018333435,0.024971021339297295,0.026849666610360146,0.040854137390851974,0.0
3001600.0,-0.13500000536441803,-0.2811533212661743,-0.02995605394244194,0.47999146580696106,0.026849666610360146,0.040854137390851974,0.04527505859732628,0.0
3005200.0,-0.33500000834465027,-0.30523791909217834,-0.03665466234087944,0.4797042906284332,0.040854137390851974,0.04527505859732628,0.04978431388735771,0.0
3008800.0,-0.33500000834465027,-0.2935144007205963,-0.04151000827550888,0.4799883961677551,0.04527505859732628,0.04978431388735771,0.04536993056535721,0.0
3012400.0,-0.33500000834465027,-0.2947084605693817,-0.04601440578699112,0.47999998927116394,0.04978431388735771,0.04536993056535721,0.04618510603904724,0.0
3016000.0,-0.33500000834465027,-0.2957746088504791,-0.05193176120519638,0.4800006151199341,0.04536993056535721,0.04618510603904724,0.03978351503610611,0.030553366988897324
3019600.0,-0.33500000834465027,-0.2966821491718292,-0.05196533352136612,0.4800006151199341,0.04618510603904724,0.03978351503610611,0.03526856750249863,0.20753885805606842
3023200.0,-0.33500000834465027,-0.29746443033218384,-0.03922118991613388,0.48000091314315796,0.03978351503610611,0.03526856750249863,0.027119453996419907,0.3970089554786682
3026800.0,-0.23499999940395355,-0.29487407207489014,-0.01488647423684597,0.48015350103378296,0.03526856750249863,0.027119453996419907,0.0135294608771801,0.45693278312683105
3030400.0,-0.03500000014901161,-0.3383171558380127,-0.0003265380801167339,0.48022979497909546,0.027119453996419907,0.0135294608771801,0.03229255601763725,0.48100361227989197
3034000.0,0.06499999761581421,-0.3365282416343689,0.0186309814453125,0.48011383414268494,0.0135294608771801,0.03229255601763725,0.045613497495651245,0.4899507164955139
3037600.0,0.06499999761581421,-0.3093302845954895,0.02987365797162056,0.48000794649124146,0.03229255601763725,0.045613497495651245,0.03669681400060654,0.4888979196548462
3041200.0,0.06499999761581421,-0.30170196294784546,0.04535522311925888,0.4800030589103699,0.045613497495651245,0.03669681400060654,0.04464949294924736,0.47730380296707153
3044800.0,0.06499999761581421,-0.29840153455734253,0.06022338941693306,0.4800003170967102,0.03669681400060654,0.04464949294924736,0.03293188288807869,0.4481000006198883
3048400.0,0.06499999761581421,-0.2969808280467987,0.07505188137292862,0.4799990952014923,0.04464949294924736,0.03293188288807869,0.023103971034288406,0.37240156531333923
3052000.0,0.06499999761581421,-0.2963978946208954,0.08824463188648224,0.47999876737594604,0.03293188288807869,0.023103971034288406,0.013360392302274704,0.15856383740901947
3055600.0,0.06499999761581421,-0.29618293046951294,0.09271240234375,0.47999846935272217,0.023103971034288406,0.013360392302274704,0.029972385615110397,0.0
3059200.0,0.06499999761581421,-0.2961270213127136,0.08939819037914276,0.47999846935272217,0.013360392302274704,0.029972385615110397,0.03595689684152603,0.0
3062800.0,0.06499999761581421,-0.29613837599754333,0.07769775390625,0.47999846935272217,0.029972385615110397,0.03595689684152603,0.032832276076078415,0.0
3066400.0,0.06499999761581421,-0.2961762845516205,0.06256103515625,0.47999876737594604,0.03595689684152603,0.032832276076078415,0.0336679108440876,0.0
3070000.0,0.06499999761581421,-0.2962232232093811,0.04708252102136612,0.47999876737594604,0.032832276076078415,0.0336679108440876,0.040003493428230286,0.0
3073600.0,0.06499999761581421,-0.2962716519832611,0.03168640285730362,0.47999876737594604,0.0336679108440876,0.040003493428230286,0.03575471043586731,0.0
3077200.0,0.06499999761581421,-0.296318382024765,0.0165252685546875,0.47999876737594604,0.040003493428230286,0.03575471043586731,0.053161848336458206,0.0
3080800.0,0.06499999761581421,-0.2963623106479645,0.0016723632579669356,0.4799990952014923,0.03575471043586731,0.053161848336458206,0.06184064969420433,0.0
3084400.0,0.06499999761581421,-0.29640308022499084,-0.012844848446547985,0.4799990952014923,0.053161848336458206,0.06184064969420433,0.05914987623691559,0.0
3088000.0,-0.13500000536441803,-0.27351292967796326,-0.02647705003619194,0.47974488139152527,0.06184064969420433,0.05914987623691559,0.05858545005321503,0.0
3091600.0,-0.33500000834465027,-0.3059084117412567,-0.03330383449792862,0.47971221804618835,0.05914987623691559,0.05858545005321503,0.03939007595181465,0.0
3095200.0,-0.33500000834465027,-0.2940239906311035,-0.03818359225988388,0.4799875020980835,0.05858545005321503,0.03939007595181465,0.03557513654232025,0.0
3098800.0,-0.33500000834465027,-0.2952093780040741,-0.04265441745519638,0.4800003170967102,0.03939007595181465,0.03557513654232025,0.029119031503796577,0.0
3102400.0,-0.33500000834465027,-0.2963411211967468,-0.0485382080078125,0.48000091314315796,0.03557513654232025,0.029119031503796577,0.03261694684624672,0.032623302191495895
3106000.0,-0.33500000834465027,-0.29729703068733215,-0.0483856201171875,0.48000091314315796,0.029119031503796577,0.03261694684624672,0.036237895488739014,0.2105366736650467
3109600.0,-0.33500000834465027,-0.29811209440231323,-0.03535766527056694,0.48000091314315796,0.03261694684624672,0.036237895488739014,0.05235707014799118,0.398375004529953
3113200.0,-0.23499999940395355,-0.29343223571777344,-0.01073608361184597,0.4801495373249054,0.036237895488739014,0.05235707014799118,0.04844806715846062,0.45766162872314453
3116800.0,-0.03500000014901161,-0.3303292989730835,0.0035461424849927425,0.48022979497909546,0.05235707014799118,0.04844806715846062,0.05252808332443237,0.48153629899024963
3120400.0,0.06499999761581421,-0.32891786098480225,0.02181701734662056,0.480111688375473,0.04844806715846062,0.05252808332443237,0.04599761590361595,0.49043524265289307
3124000.0,0.06499999761581421,-0.3062761425971985,0.03383483737707138,0.48000580072402954,0.05252808332443237,0.04599761590361595,0.04773963242769241,0.489429235458374
3127600.0,0.06499999761581421,-0.30025479197502136,0.05170593410730362,0.480001837015152,0.04599761590361595,0.04773963242769241,0.04043496400117874,0.47800368070602417
3131200.0,0.06499999761581421,-0.297765851020813,0.063873291015625,0.47999969124794006,0.04773963242769241,0.04043496400117874,0.03324740380048752,0.4492456912994385
3134800.0,0.06499999761581421,-0.29672670364379883,0.07959594577550888,0.4799990952014923,0.04043496400117874,0.03324740380048752,0.04170885682106018,0.3750362694263458
3138400.0,0.06499999761581421,-0.2963213324546814,0.09331969916820526,0.47999876737594604,0.03324740380048752,0.04170885682106018,0.0415760762989521,0.16046398878097534
3142000.0,0.06499999761581421,-0.2961884140968323,0.09816284477710724,0.47999846935272217,0.04170885682106018,0.0415760762989521,0.03823564574122429,0.0
3145600.0,0.06499999761581421,-0.29617056250572205,0.09491272270679474,0.47999876737594604,0.0415760762989521,0.03823564574122429,0.03894025459885597,0.0
3149200.0,0.06499999761581421,-0.29619932174682617,0.08337096869945526,0.47999876737594604,0.03823564574122429,0.03894025459885597,0.04454818740487099,0.0
3152800.0,0.06499999761581421,-0.296245276927948,0.06835632026195526,0.47999876737594604,0.03894025459885597,0.04454818740487099,0.045555803924798965,0.0
3156400.0,0.06499999761581421,-0.2962959408760071,0.05290527269244194,0.47999876737594604,0.04454818740487099,0.045555803924798965,0.0538063608109951,0.0
3160000,
3163600.0,0.06499999761581421,-0.29639363288879395,0.02237548865377903,0.4799990952014923,0.0538063608109951,0.05729484558105469,0.050941817462444305,0.0
3167200.0,0.06499999761581421,-0.2964380383491516,0.007525634951889515,0.4799990952014923,0.05729484558105469,0.050941817462444305,0.057859230786561966,0.0
3170800.0,0.06499999761581421,-0.2964790463447571,-0.006988525390625,0.4799990952014923,0.050941817462444305,0.057859230786561966,0.06650949269533157,0.0
3174400.0,0.06499999761581421,-0.296517014503479,-0.02115173265337944,0.4799993932247162,0.057859230786561966,0.06650949269533157,0.06899105757474899,0.0
3178000.0,-0.13500000536441803,-0.27623599767684937,-0.0345306396484375,0.4797500669956207,0.06650949269533157,0.06899105757474899,0.06347649544477463,0.0
3181600.0,-0.33500000834465027,-0.3073531985282898,-0.04101867601275444,0.479714035987854,0.06899105757474899,0.06347649544477463,0.0038049824070185423,0.0
3185200.0,-0.33500000834465027,-0.2960575520992279,-0.04555358737707138,0.47998809814453125,0.06347649544477463,0.0038049824070185423,0.05172986909747124,0.0
3188800.0,-0.33500000834465027,-0.2971758246421814,-0.05135192722082138,0.4800006151199341,0.0038049824070185423,0.05172986909747124,0.043777674436569214,0.03483940660953522
3192400.0,-0.33500000834465027,-0.2981988787651062,-0.05088195949792862,0.48000121116638184,0.05172986909747124,0.043777674436569214,0.03951982408761978,0.21370506286621094
3196000.0,-0.33500000834465027,-0.2990473508834839,-0.03743896633386612,0.48000121116638184,0.043777674436569214,0.03951982408761978,0.04230595380067825,0.39977431297302246
3199600.0,-0.23499999940395355,-0.29302576184272766,-0.01296081580221653,0.4801461696624756,0.03951982408761978,0.04230595380067825,0.028997402638196945,0.458403080701828
3203200.0,-0.03500000014901161,-0.32475045323371887,0.0017639159923419356,0.4802282750606537,0.04230595380067825,0.028997402638196945,0.037311360239982605,0.48207399249076843
3206800.0,0.06499999761581421,-0.32341012358665466,0.01946105994284153,0.4801098704338074,0.028997402638196945,0.037311360239982605,0.038515605032444,0.4909210205078125
3210400.0,0.06499999761581421,-0.3042728304862976,0.03253173828125,0.48000457882881165,0.037311360239982605,0.038515605032444,0.03190351277589798,0.48995906114578247
3214000.0,0.06499999761581421,-0.299359530210495,0.05008544772863388,0.48000121116638184,0.038515605032444,0.03190351277589798,0.04565294459462166,0.47869887948036194
3217600.0,0.06499999761581421,-0.29741910099983215,0.06248779222369194,0.47999969124794006,0.03190351277589798,0.04565294459462166,0.0147327845916152,0.45037928223609924
3221200.0,0.06499999761581421,-0.2966335713863373,0.07876281440258026,0.4799990952014923,0.04565294459462166,0.0147327845916152,0.043577536940574646,0.3649086356163025
3224800.0,0.06499999761581421,-0.296343594789505,0.0919036865234375,0.47999876737594604,0.0147327845916152,0.043577536940574646,0.04793209210038185,0.15380145609378815
3228400.0,0.06499999761581421,-0.29626262187957764,0.09674072265625,0.47999876737594604,0.043577536940574646,0.04793209210038185,0.03988528996706009,0.0041908747516572475
3232000.0,0.06499999761581421,-0.29626771807670593,0.09348144382238388,0.47999876737594604,0.04793209210038185,0.03988528996706009,0.04588474705815315,0.0
3235600.0,0.06499999761581421,-0.29630622267723083,0.08286742866039276,0.47999876737594604,0.03988528996706009,0.04588474705815315,0.04724859073758125,0.0
3239200.0,0.06499999761581421,-0.2963559627532959,0.06792297214269638,0.4799990952014923,0.04588474705815315,0.04724859073758125,0.04369300231337547,0.0
3242800.0,0.06499999761581421,-0.29640763998031616,0.05259094387292862,0.4799990952014923,0.04724859073758125,0.04369300231337547,0.0435398630797863,0.0
3246400.0,0.06499999761581421,-0.29645752906799316,0.03731689602136612,0.4799990952014923,0.04369300231337547,0.0435398630797863,0.041994426399469376,0.0
3250000.0,0.06499999761581421,-0.29650431871414185,0.02226562425494194,0.4799990952014923,0.0435398630797863,0.041994426399469376,0.047255609184503555,0.0
3253600.0,0.06499999761581421,-0.29654765129089355,0.007510376162827015,0.4799993932247162,0.041994426399469376,0.047255609184503555,0.044891659170389175,0.0
3257200.0,0.06499999761581421,-0.2965874969959259,-0.006915283389389515,0.4799993932247162,0.047255609184503555,0.044891659170389175,0.049056246876716614,0.0
3260800.0,-0.13500000536441803,-0.2790276110172272,-0.02026977576315403,0.47975829243659973,0.044891659170389175,0.049056246876716614,0.05639483407139778,0.0
3264400.0,-0.13500000536441803,-0.28651610016822815,-0.02979431115090847,0.47999298572540283,0.049056246876716614,0.05639483407139778,0.04324060305953026,0.0
3268000.0,-0.33500000834465027,-0.3096669912338257,-0.03607482835650444,0.47972503304481506,0.05639483407139778,0.04324060305953026,0.00038342326297424734,0.0
3271600.0,-0.33500000834465027,-0.29924651980400085,-0.04052124172449112,0.47998932003974915,0.04324060305953026,0.00038342326297424734,0.030235769227147102,0.0
3275200.0,-0.33500000834465027,-0.3001558780670166,-0.04630432277917862,0.48000091314315796,0.00038342326297424734,0.030235769227147102,0.04024314135313034,0.03720089793205261
3278800.0,-0.33500000834465027,-0.3009111285209656,-0.04567565768957138,0.4800015389919281,0.030235769227147102,0.04024314135313034,0.04127974063158035,0.21704117953777313
3282400.0,-0.33500000834465027,-0.3015157878398895,-0.03208313137292862,0.4800015389919281,0.04024314135313034,0.04127974063158035,0.039816658943891525,0.40120404958724976
3286000.0,-0.23499999940395355,-0.2948959767818451,-0.0070098876021802425,0.480142205953598,0.04127974063158035,0.039816658943891525,0.03355542570352554,0.4591558277606964
3289600.0,-0.03500000014901161,-0.3215211033821106,0.0073303221724927425,0.4802261292934418,0.039816658943891525,0.03355542570352554,0.03884942829608917,0.48261594772338867
3293200.0,0.06499999761581421,-0.31901445984840393,0.02527160570025444,0.4801074266433716,0.03355542570352554,0.03884942829608917,0.03150545060634613,0.4914073646068573
3296800.0,0.06499999761581421,-0.3028463125228882,0.03798828274011612,0.4800039529800415,0.03884942829608917,0.03150545060634613,0.023205652832984924,0.49048683047294617
3300400.0,0.06499999761581421,-0.2986837923526764,0.05540771409869194,0.4800006151199341,0.03150545060634613,0.023205652832984924,0.03569791465997696,0.4793887734413147
3304000.0,0.06499999761581421,-0.2971217632293701,0.0678863525390625,0.4799993932247162,0.023205652832984924,0.03569791465997696,0.01928080804646015,0.4514999985694885
3307600.0,0.06499999761581421,-0.2965123653411865,0.08447571098804474,0.47999876737594604,0.03569791465997696,0.01928080804646015,0.04153665900230408,0.3756057024002075
3311200.0,0.06499999761581421,-0.2963031530380249,0.09697570651769638,0.47999876737594604,0.01928080804646015,0.04153665900230408,0.03871408477425575,0.16508696973323822
3314800.0,0.06499999761581421,-0.29625841975212097,0.10260315239429474,0.47999876737594604,0.04153665900230408,0.03871408477425575,0.042710643261671066,0.005495853256434202
3318400.0,0.06499999761581421,-0.29627931118011475,0.10000304877758026,0.47999876737594604,0.03871408477425575,0.042710643261671066,0.05802974849939346,0.0
3322000.0,0.06499999761581421,-0.2963244915008545,0.09006652981042862,0.4799990952014923,0.042710643261671066,0.05802974849939346,0.045571401715278625,0.0
3325600.0,0.06499999761581421,-0.2963767647743225,0.0751495361328125,0.4799990952014923,0.05802974849939346,0.045571401715278625,0.048516206443309784,0.0
3329200.0,0.06499999761581421,-0.2964291572570801,0.05975951999425888,0.4799990952014923,0.045571401715278625,0.048516206443309784,0.05197213962674141,0.0
3332800.0,0.06499999761581421,-0.2964789569377899,0.04440917819738388,0.4799990952014923,0.048516206443309784,0.05197213962674141,0.04853150621056557,0.0
3336400.0,0.06499999761581421,-0.2965252101421356,0.02927246131002903,0.4799993932247162,0.05197213962674141,0.04853150621056557,0.05478017404675484,0.0
3340000.0,0.06499999761581421,-0.2965679168701172,0.014431762509047985,0.4799993932247162,0.04853150621056557,0.05478017404675484,0.05817706137895584,0.0
3343600.0,0.06499999761581421,-0.29660704731941223,-7.324219041038305e-05,0.4799993932247162,0.05478017404675484,0.05817706137895584,0.053469669073820114,0.0
3347200.0,0.06499999761581421,-0.2966429591178894,-0.01423034630715847,0.4799993932247162,0.05817706137895584,0.053469669073820114,0.05431143566966057,0.0
3350800.0,-0.13500000536441803,-0.28228822350502014,-0.02718200720846653,0.4797671437263489,0.053469669073820114,0.05431143566966057,0.05761856958270073,0.0
3354400.0,-0.33500000834465027,-0.3107035160064697,-0.03363342210650444,0.4797244369983673,0.05431143566966057,0.05761856958270073,0.032604578882455826,0.0
3358000.0,-0.33500000834465027,-0.3002640902996063,-0.03815002366900444,0.479989618062973,0.05761856958270073,0.032604578882455826,0.05528536066412926,0.0
3361600.0,-0.33500000834465027,-0.30110660195350647,-0.04418640211224556,0.48000121116638184,0.032604578882455826,0.05528536066412926,0.048847638070583344,0.03970573469996452
3365200.0,-0.33500000834465027,-0.301808625459671,-0.046478271484375,0.4800015389919281,0.05528536066412926,0.048847638070583344,0.04370762035250664,0.22054094076156616
3368800.0,-0.33500000834465027,-0.3023570477962494,-0.03383178636431694,0.4800015389919281,0.048847638070583344,0.04370762035250664,0.04687605798244476,0.40266135334968567
3372400.0,-0.23499999940395355,-0.2933565080165863,-0.01049194298684597,0.48013731837272644,0.04370762035250664,0.04687605798244476,0.04546733573079109,0.45991864800453186
3376000.0,-0.03500000014901161,-0.31212592124938965,0.0061096190474927425,0.4802221655845642,0.04687605798244476,0.04546733573079109,0.03869492933154106,0.4831613600254059
3379600.0,0.06499999761581421,-0.31111085414886475,0.02493896521627903,0.480103462934494,0.04546733573079109,0.03869492933154106,0.03648286312818527,0.4918936789035797
3383200.0,0.06499999761581421,-0.30021294951438904,0.03706664964556694,0.48000243306159973,0.03869492933154106,0.03648286312818527,0.012676567770540714,0.4910118579864502
3386800.0,0.06499999761581421,-0.2975389063358307,0.05498962476849556,0.47999969124794006,0.03648286312818527,0.012676567770540714,0.003381321905180812,0.46904173493385315
3390400.0,0.06499999761581421,-0.29665130376815796,0.06682129204273224,0.4799990952014923,0.012676567770540714,0.003381321905180812,0.006218683905899525,0.43709298968315125
3394000.0,0.06499999761581421,-0.29633787274360657,0.08154907077550888,0.47999876737594604,0.003381321905180812,0.006218683905899525,0.036473970860242844,0.23210062086582184
3397600.0,0.06499999761581421,-0.29625579714775085,0.09086914360523224,0.47999876737594604,0.006218683905899525,0.036473970860242844,0.03992043435573578,0.02693178318440914
3401200.0,0.06499999761581421,-0.2962646186351776,0.08742675930261612,0.47999876737594604,0.036473970860242844,0.03992043435573578,0.03113594464957714,0.007069481071084738
3404800.0,0.06499999761581421,-0.296306848526001,0.080169677734375,0.47999876737594604,0.03992043435573578,0.03113594464957714,0.03476409986615181,0.0
3408400.0,0.06499999761581421,-0.2963591516017914,0.0677032470703125,0.4799990952014923,0.03113594464957714,0.03476409986615181,0.04625638946890831,0.0
3412000.0,0.06499999761581421,-0.2964121997356415,0.05280761793255806,0.4799990952014923,0.03476409986615181,0.04625638946890831,0.05107487738132477,0.0
3415600.0,0.06499999761581421,-0.2964628040790558,0.03780517727136612,0.4799990952014923,0.04625638946890831,0.05107487738132477,0.06396854668855667,0.0
3419200.0,0.06499999761581421,-0.29650968313217163,0.02295226976275444,0.4799990952014923,0.05107487738132477,0.06396854668855667,0.057829197496175766,0.0
3422800.0,0.06499999761581421,-0.29655274748802185,0.00835571251809597,0.4799993932247162,0.06396854668855667,0.057829197496175766,0.04002538323402405,0.0
3426400.0,0.06499999761581421,-0.296592116355896,-0.0059295655228197575,0.4799993932247162,0.057829197496175766,0.04002538323402405,0.03845037892460823,0.0
3430000.0,-0.13500000536441803,-0.28534382581710815,-0.01900940015912056,0.47977569699287415,0.04002538323402405,0.03845037892460823,0.051855962723493576,0.0
3433600.0,-0.13500000536441803,-0.2902222275733948,-0.02842102013528347,0.4799945056438446,0.03845037892460823,0.051855962723493576,0.0508667416870594,0.0
3437200.0,-0.33500000834465027,-0.31308695673942566,-0.03460083156824112,0.47973814606666565,0.051855962723493576,0.0508667416870594,0.041504669934511185,0.0
3440800.0,-0.33500000834465027,-0.3031996488571167,-0.03895263746380806,0.47999176383018494,0.0508667416870594,0.041504669934511185,0.021672451868653297,0.0
3444400.0,-0.33500000834465027,-0.3037905991077423,-0.04299316555261612,0.4800015389919281,0.041504669934511185,0.021672451868653297,0.050940677523612976,0.0
3448000.0,-0.33500000834465027,-0.3041878938674927,-0.0486602783203125,0.480001837015152,0.021672451868653297,0.050940677523612976,0.04262703284621239,0.04235058277845383
3451600.0,-0.33500000834465027,-0.30446410179138184,-0.05072937160730362,0.480001837015152,0.050940677523612976,0.04262703284621239,0.04621334373950958,0.22419901192188263
3455200.0,-0.33500000834465027,-0.3046531677246094,-0.03802490234375,0.4800015389919281,0.04262703284621239,0.04621334373950958,0.03056957572698593,0.3931426405906677
3458800.0,-0.23499999940395355,-0.2936004102230072,-0.01970520056784153,0.4801315367221832,0.04621334373950958,0.03056957572698593,0.041142892092466354,0.26445871591567993
3462400.0,-0.23499999940395355,-0.2950289249420166,-0.0086822509765625,0.4800036549568176,0.03056957572698593,0.041142892092466354,0.04649931192398071,0.1457335501909256
3466000.0,-0.23499999940395355,-0.2957407832145691,-0.0033813477493822575,0.4800003170967102,0.041142892092466354,0.04649931192398071,0.037694696336984634,0.16790390014648438
3469600.0,-0.23499999940395355,-0.29654794931411743,0.0006561279296875,0.4800003170967102,0.04649931192398071,0.037694696336984634,0.038662757724523544,0.12178359180688858
3473200.0,-0.23499999940395355,-0.2972063720226288,0.0023101805709302425,0.4800006151199341,0.037694696336984634,0.038662757724523544,0.036456961184740067,0.07697246968746185
3476800.0,-0.33500000834465027,-0.3114559054374695,0.004199218936264515,0.47987061738967896,0.038662757724523544,0.036456961184740067,0.031133221462368965,0.1563948392868042
3480400.0,-0.33500000834465027,-0.3071627616882324,0.010098266415297985,0.4799966514110565,0.036456961184740067,0.031133221462368965,0.039895400404930115,0.16341611742973328
3484000.0,-0.33500000834465027,-0.30696341395378113,0.015612793155014515,0.4800015389919281,0.031133221462368965,0.039895400404930115,0.03761308640241623,0.04647049680352211
3487600.0,-0.33500000834465027,-0.3066987991333008,0.01569519005715847,0.480001837015152,0.039895400404930115,0.03761308640241623,0.04234271124005318,0.008925492875277996
3491200.0,-0.33500000834465027,-0.3064183294773102,0.013308716006577015,0.4800015389919281,0.03761308640241623,0.04234271124005318,0.03957662358880043,0.0
3494800.0,-0.33500000834465027,-0.3061332702636719,0.00985107384622097,0.4800015389919281,0.04234271124005318,0.03957662358880043,0.04994479939341545,0.0
3498400.0,-0.33500000834465027,-0.3058472275733948,0.0049652098678052425,0.4800015389919281,0.03957662358880043,0.04994479939341545,0.05279925838112831,0.0
3502000.0,-0.33500000834465027,-0.30556249618530273,-1.52587890625e-05,0.4800015389919281,0.04994479939341545,0.05279925838112831,0.05425840988755226,0.0
3505600.0,-0.33500000834465027,-0.3052811026573181,-0.0049804686568677425,0.4800015389919281,0.05279925838112831,0.05425840988755226,0.04602571576833725,0.0
3509200.0,-0.33500000834465027,-0.3050043284893036,-0.0098876953125,0.48000121116638184,0.05425840988755226,0.04602571576833725,0.04179126396775246,0.0
3512800.0,-0.33500000834465027,-0.3047333061695099,-0.01471557654440403,0.48000121116638184,0.04602571576833725,0.04179126396775246,0.038610830903053284,0.0
3516400.0,-0.33500000834465027,-0.3044689893722534,-0.01945190504193306,0.48000121116638184,0.04179126396775246,0.038610830903053284,0.03795139491558075,0.0
3520000.0,-0.33500000834465027,-0.30466049909591675,-0.02409057691693306,0.4800003170967102,0.038610830903053284,0.03795139491558075,0.044736411422491074,0.0
3523600.0,-0.33500000834465027,-0.3050648868083954,-0.02863159216940403,0.4800003170967102,0.03795139491558075,0.044736411422491074,0.041751228272914886,0.0
3527200.0,-0.33500000834465027,-0.3054610788822174,-0.03307495266199112,0.4800003170967102,0.044736411422491074,0.041751228272914886,0.05665089562535286,0.0
3530800.0,-0.33500000834465027,-0.3058452904224396,-0.0374298095703125,0.4800003170967102,0.041751228272914886,0.05665089562535286,0.02058139443397522,0.0
3534400.0,-0.33500000834465027,-0.30621811747550964,-0.04307251051068306,0.4800003170967102,0.05665089562535286,0.02058139443397522,0.02193763107061386,0.045130833983421326
3538000.0,-0.33500000834465027,-0.3065803050994873,-0.045654296875,0.4800003170967102,0.02058139443397522,0.02193763107061386,0.023400994017720222,0.22800880670547485
3541600.0,-0.33500000834465027,-0.3069324791431427,-0.03304443508386612,0.4800003170967102,0.02193763107061386,0.023400994017720222,0.029321707785129547,0.4056476652622223
3545200.0,-0.23499999940395355,-0.29348304867744446,-0.010668945498764515,0.4801165759563446,0.023400994017720222,0.029321707785129547,0.033912308514118195,0.46146970987319946
3548800.0,-0.03500000014901161,-0.314972847700119,0.007937622256577015,0.4801870584487915,0.029321707785129547,0.033912308514118195,0.033319950103759766,0.4842594265937805
3552400.0,0.06499999761581421,-0.33249861001968384,0.02538147009909153,0.48007142543792725,0.033912308514118195,0.033319950103759766,0.03869714215397835,0.49286359548568726
3556000.0,0.06499999761581421,-0.3224726915359497,0.04014892503619194,0.4799981713294983,0.033319950103759766,0.03869714215397835,0.05545823276042938,0.49205151200294495
3559600.0,0.06499999761581421,-0.3207401633262634,0.05496826022863388,0.47999876737594604,0.03869714215397835,0.05545823276042938,0.060705315321683884,0.48141971230506897
3563200.0,0.06499999761581421,-0.31924134492874146,0.073486328125,0.4799990952014923,0.05545823276042938,0.060705315321683884,0.05938298627734184,0.4547766447067261
3566800.0,0.06499999761581421,-0.3178504705429077,0.08527831733226776,0.4799990952014923,0.060705315321683884,0.05938298627734184,0.06266394257545471,0.36636635661125183
3570400.0,0.06499999761581421,-0.3165539801120758,0.09826354682445526,0.4799990952014923,0.05938298627734184,0.06266394257545471,0.04605400189757347,0.15933126211166382
3574000.0,0.06499999761581421,-0.3153417408466339,0.1018524169921875,0.4799990952014923,0.06266394257545471,0.04605400189757347,0.04357168450951576,0.01106917392462492
3577600.0,0.06499999761581421,-0.31420597434043884,0.09740905463695526,0.4799993932247162,0.04605400189757347,0.04357168450951576,0.04131355509161949,0.0
3581200.0,0.06499999761581421,-0.31314024329185486,0.08717040717601776,0.4799993932247162,0.04357168450951576,0.04131355509161949,0.038747403770685196,0.0
3584800.0,0.06499999761581421,-0.31213876605033875,0.07187499850988388,0.4799993932247162,0.04131355509161949,0.038747403770685196,0.054553888738155365,0.0
3588400.0,0.06499999761581421,-0.3111962378025055,0.05625305324792862,0.4799993932247162,0.038747403770685196,0.054553888738155365,0.051323432475328445,0.0
3592000,
3595600.0,0.06499999761581421,-0.30946898460388184,0.02541503868997097,0.4799993932247162,0.03521460294723511,0.034829702228307724,0.034712571650743484,0.0
3599200.0,0.06499999761581421,-0.30867573618888855,0.01043701171875,0.4799993932247162,0.034829702228307724,0.034712571650743484,0.03483356907963753,0.0
3602800.0,0.06499999761581421,-0.3079242706298828,-0.004193115048110485,0.4799993932247162,0.034712571650743484,0.03483356907963753,0.03629452735185623,0.0
3606400.0,-0.13500000536441803,-0.2964622378349304,-0.01704711839556694,0.47979918122291565,0.03483356907963753,0.03629452735185623,0.04319877550005913,0.0
3610000.0,-0.13500000536441803,-0.29725122451782227,-0.02672424353659153,0.47999632358551025,0.03629452735185623,0.04319877550005913,0.05481276661157608,0.0
3613600.0,-0.13500000536441803,-0.2982739806175232,-0.03595580905675888,0.48000121116638184,0.04319877550005913,0.05481276661157608,0.050478994846343994,0.0
3617200.0,-0.33500000834465027,-0.3188478350639343,-0.04206237941980362,0.47976136207580566,0.05481276661157608,0.050478994846343994,0.03856373578310013,0.0
3620800.0,-0.33500000834465027,-0.30960404872894287,-0.04638061672449112,0.4799923598766327,0.050478994846343994,0.03856373578310013,0.03455531597137451,0.0
3624400.0,-0.33500000834465027,-0.3093450665473938,-0.05132446438074112,0.480001837015152,0.03856373578310013,0.03455531597137451,0.03215590491890907,0.11777123063802719
3628000.0,-0.33500000834465027,-0.30895110964775085,-0.047515869140625,0.48000213503837585,0.03455531597137451,0.03215590491890907,0.03033866174519062,0.21926049888134003
3631600.0,-0.33500000834465027,-0.30851972103118896,-0.03647460788488388,0.480001837015152,0.03215590491890907,0.03033866174519062,0.02835460565984249,0.2558020055294037
3635200.0,-0.33500000834465027,-0.3080756366252899,-0.02033691480755806,0.480001837015152,0.03033866174519062,0.02835460565984249,0.026787735521793365,0.38910895586013794
3638800.0,-0.23499999940395355,-0.29292333126068115,0.0001739501894917339,0.4801156520843506,0.02835460565984249,0.026787735521793365,0.028011800721287727,0.4354667067527771
3642400.0,-0.03500000014901161,-0.31465980410575867,0.01180114783346653,0.48018768429756165,0.026787735521793365,0.028011800721287727,0.03415056690573692,0.2986803650856018
3646000.0,0.06499999761581421,-0.33228814601898193,0.02142639085650444,0.4800717234611511,0.028011800721287727,0.03415056690573692,0.04241037741303444,0.31271517276763916
3649600.0,0.06499999761581421,-0.3223517835140228,0.02925414964556694,0.47999846935272217,0.03415056690573692,0.04241037741303444,0.058093659579753876,0.4126400053501129
3653200.0,0.06499999761581421,-0.320783793926239,0.03884277492761612,0.4799990952014923,0.04241037741303444,0.058093659579753876,0.055513910949230194,0.35128214955329895
3656800.0,0.06499999761581421,-0.3194569945335388,0.04883117601275444,0.4799990952014923,0.058093659579753876,0.055513910949230194,0.04877442866563797,0.16684462130069733
3660400.0,0.06499999761581421,-0.3182361423969269,0.051727294921875,0.4799990952014923,0.055513910949230194,0.04877442866563797,0.0451015904545784,0.013497190549969673
3664000.0,0.06499999761581421,-0.31710395216941833,0.04663391038775444,0.4799990952014923,0.04877442866563797,0.0451015904545784,0.04154357314109802,0.0
3667600.0,0.06499999761581421,-0.316048800945282,0.0360565185546875,0.4799993932247162,0.0451015904545784,0.04154357314109802,0.039476219564676285,0.0
3671200.0,0.06499999761581421,-0.31506210565567017,0.0218658447265625,0.4799993932247162,0.04154357314109802,0.039476219564676285,0.03713947534561157,0.0
3674800.0,0.06499999761581421,-0.31413713097572327,0.007464599795639515,0.4799993932247162,0.039476219564676285,0.03713947534561157,0.03648758307099342,0.0
3678400.0,0.06499999761581421,-0.31326842308044434,-0.006838989444077015,0.4799993932247162,0.03713947534561157,0.03648758307099342,0.03595103323459625,0.0
3682000.0,-0.13500000536441803,-0.2984437644481659,-0.0195159912109375,0.47980132699012756,0.03648758307099342,0.03595103323459625,0.03548479452729225,0.0
3685600.0,-0.13500000536441803,-0.298913836479187,-0.02909545972943306,0.4799972474575043,0.03595103323459625,0.03548479452729225,0.03567158430814743,0.0
3689200.0,-0.33500000834465027,-0.31945326924324036,-0.03548889234662056,0.47976043820381165,0.03548479452729225,0.03567158430814743,0.03600366786122322,0.0
3692800.0,-0.33500000834465027,-0.3104904890060425,-0.040069580078125,0.47999298572540283,0.03567158430814743,0.03600366786122322,0.03944643586874008,0.0
3696400.0,-0.33500000834465027,-0.31017830967903137,-0.04434814304113388,0.480001837015152,0.03600366786122322,0.03944643586874008,0.055217914283275604,0.0
3700000.0,-0.33500000834465027,-0.30972152948379517,-0.04843749850988388,0.48000213503837585,0.03944643586874008,0.055217914283275604,0.05723490193486214,0.0
3703600.0,-0.33500000834465027,-0.30922988057136536,-0.05238952487707138,0.48000213503837585,0.055217914283275604,0.05723490193486214,0.04326378554105759,0.0
3707200.0,-0.33500000834465027,-0.30872881412506104,-0.05738525465130806,0.480001837015152,0.05723490193486214,0.04326378554105759,0.03426529839634895,0.03435304015874863
3710800.0,-0.33500000834465027,-0.30841678380966187,-0.058868408203125,0.4800003170967102,0.04326378554105759,0.03426529839634895,0.03028739243745804,0.08568248897790909
3714400.0,-0.33500000834465027,-0.30898916721343994,-0.05553589016199112,0.4800003170967102,0.03426529839634895,0.03028739243745804,0.02648332342505455,0.20799128711223602
3718000.0,-0.33500000834465027,-0.3094865381717682,-0.04477844387292862,0.4800003170967102,0.03028739243745804,0.02648332342505455,0.023621587082743645,0.2647823989391327
3721600.0,-0.33500000834465027,-0.3099549114704132,-0.03257141262292862,0.4800003170967102,0.02648332342505455,0.023621587082743645,0.02192464843392372,0.16075967252254486
3725200.0,-0.33500000834465027,-0.3103989064693451,-0.02230529859662056,0.4800003170967102,0.023621587082743645,0.02192464843392372,0.024395955726504326,0.2900831401348114
3728800.0,-0.23499999940395355,-0.2995503544807434,-0.006716919131577015,0.48011505603790283,0.02192464843392372,0.024395955726504326,0.0319245345890522,0.4739677906036377
